<?xml version='1.0' encoding='UTF-8'?>
<!DOCTYPE hibernate-mapping SYSTEM
    "http://hibernate.sourceforge.net/hibernate-mapping-3.0.dtd">

<hibernate-mapping>

	<class name="entities.Student" table="Student">
		<cache usage = "read-write"/>
		<id name="studentId" type="int" column="Student_Id">
			<generator class="native"></generator>
		</id>

		<property name="firstName" column="First_Name" type="string" />
		<property name="lastName" column="Last_Name" type="string" />
		<property name="className" column="Class" type="string" />
		<property name="rollNo" column="RollNo" type="string" />
		<property name="age" column="Age" type="int" />

	</class>

</hibernate-mapping>