<?xml version = "1.0" encoding = "UTF-8"?>

<beans xmlns="http://www.springframework.org/schema/beans"
	xmlns:xsi="http://www.w3.org/2001/XMLSchema-instance"
	xsi:schemaLocation="http://www.springframework.org/schema/beans
   http://www.springframework.org/schema/beans/spring-beans-3.0.xsd">

	<!-- Definition for textEditor bean -->
	<bean id="st" class="com.SI.primitivevalue.Student">
		<property name="id">
			<value>1</value>
		</property>
		<property name="name">
			<value>Tada</value>
		</property>
		<property name="className">
			<value>Oska</value>
		</property>
	</bean>

</beans>