<?xml version="1.0" encoding="UTF-8"?>
<features name="karaf-jdbc-example-${project.version}" xmlns="http://karaf.apache.org/xmlns/features/v1.4.0" xmlns:xsi="http://www.w3.org/2001/XMLSchema-instance" xsi:schemaLocation="http://karaf.apache.org/xmlns/features/v1.4.0">

    <feature name="karaf-jdbc-command" version="${project.version}">
        <bundle>mvn:org.karaf.example/karaf-jdbc-api/${project.version}</bundle>
    </feature>

    <feature name="karaf-jdbc-provider" version="${project.version}">
        <config name="org.ops4j.datasource-karaf-example">
            osgi.jdbc.driver.name=derby
            dataSourceName=jdbc/karaf-example
            url=jdbc:derby:data/example/derby;create=true
        </config>
        
        <config name="org.apache.karaf.example">
            ###############################################
            # Karaf Examples Registry Storage JDBC Configuration
            ###############################################
            
            # Name of the JDBC datasource
            datasource.name=jdbc/karaf-example
            
            # Dialect (type of the database)
            # The dialect is used to create the tables
            # Supported dialects are: generic, derby, mysql 
            dialect=derby
        </config>
        
        <feature version="${project.version}">karaf-jdbc-command</feature>
        <feature>scr</feature>
        <feature>jdbc</feature>
        <feature>pax-jdbc-derby</feature>
        <feature dependency="true">aries-blueprint</feature>
        <bundle>mvn:org.karaf.example/karaf-jdbc-provider/${project.version}</bundle>
    </feature>

    <feature name="karaf-jdbc" version="${project.version}">
        <feature version="${project.version}">karaf-jdbc-provider</feature>
        <conditional>
            <condition>shell</condition>
            <bundle>mvn:org.karaf.example/karaf-jdbc-command/${project.version}</bundle>
        </conditional>
    </feature>

</features>