<?xml version='1.0' encoding='utf-8'?>
<!DOCTYPE hibernate-configuration PUBLIC
"-//Hibernate/Hibernate Configuration DTD 3.0//EN"
"http://www.hibernate.org/dtd/hibernate-configuration-3.0.dtd">

<hibernate-configuration>

	<session-factory>
		<!-- Database connection settings -->
		<property name="connection.driver_class">com.mysql.jdbc.Driver</property>
		<property name="connection.url">jdbc:mysql://127.0.0.1/testdata</property>
		<property name="connection.username">root</property>
		<property name="connection.password">2019@Tm@</property>

		<!-- SQL dialect -->
		<property name="dialect">org.hibernate.dialect.MySQLDialect</property>

		<!-- <mapping class = "annotation.entities.Student"/> -->

		<mapping resource="student.hbm.xml" />
		<mapping resource="subject.hbm.xml" />

	</session-factory>

</hibernate-configuration>