<?xml version="1.0" encoding="UTF-8"?>
<beans xmlns="http://www.springframework.org/schema/beans"
	xmlns:xsi="http://www.w3.org/2001/XMLSchema-instance"
	xmlns:p="http://www.springframework.org/schema/p"
	xsi:schemaLocation="http://www.springframework.org/schema/beans  
        http://www.springframework.org/schema/beans/spring-beans-3.0.xsd">


	<bean id="dataSource"
		class="org.apache.commons.dbcp2.BasicDataSource">
		<property name="driverClassName"
			value="com.mysql.jdbc.Driver"></property>
		<property name="url" value="jdbc:mysql://127.0.0.1/testdata"></property>
		<property name="username" value="root"></property>
		<property name="password" value="2019@Tm@"></property>
	</bean>


	<bean id="mysessionFactory"
		class="org.springframework.orm.hibernate5.LocalSessionFactoryBean">

		<property name="dataSource" ref="dataSource"></property>

		<property name="mappingResources">
			<list>
				<value>student.hbm.xml</value>
			</list>
		</property>

		<!-- <property name="annotatedClasses"> -->
		<!-- <list> -->
		<!-- <value>entities.Student</value> -->
		<!-- </list> -->
		<!-- </property> -->

		<property name="hibernateProperties">
			<props>
				<prop key="hibernate.dialect">org.hibernate.dialect.MySQLDialect</prop>
<!-- 				<prop key="hibernate.hbm2ddl.auto">create</prop> -->
				<prop key="hibernate.hbm2ddl.auto">update</prop>
				<prop key="hibernate.show_sql">true</prop>

			</props>
		</property>
	</bean>


<!-- 	<bean id="template" -->
<!-- 	class="org.springframework.orm.hibernate5.HibernateTemplate"> -->
<!-- 	<property name="sessionFactory" ref="mysessionFactory"></property> -->
<!-- 	</bean> -->
<!-- 	<bean id="student" class="dao.StudentDaoClass"> -->
<!-- 	<property name="sessionFactory" ref="template"></property> -->
<!-- 	</bean> -->

	<bean id="student" class="dao.StudentDaoClass">
		<property name="sessionFactory" ref="mysessionFactory"></property>
	</bean>

</beans>  