<?xml version='1.0' encoding='UTF-8'?>  
<!DOCTYPE hibernate-mapping PUBLIC  
"-//Hibernate/Hibernate Mapping DTD 3.0//EN"  
"http://hibernate.sourceforge.net/hibernate-mapping-3.0.dtd">

<hibernate-mapping>
	<class name="entities.Student" table="student">
		<id name="id" column="Student_Id" type="int">
			<generator class="native"></generator>
		</id>

		<property name="f_name" column="First_Name"/>
		<property name="l_name" column="Last_Name"  />
		<property name="className" column="Class"  />
		<property name="rollNo" column="RollNo" />
		<property name="Age" column="Age"/>
		
	</class>

</hibernate-mapping>  